{
	"version": 3,
	"list": [
		[
			"/gps > Важные места > Аэропорт",
			{
				"y": -781.25567626953,
				"x": -1182.7847900391,
				"z": 1508.6263427734
			}
		],
		[
			"/gps > Важные места > Мэрия",
			{
				"y": 822.98248291016,
				"x": -246.33569335938,
				"z": 1504.953125
			}
		],
		[
			"/gps > Важные места > Центр занятости",
			{
				"y": -349.4866027832,
				"x": -622.13238525391,
				"z": 1505.0595703125
			}
		],
		[
			"/gps > Важные места > Центральный банк",
			{
				"y": 1383.8968505859,
				"x": -198.72839355469,
				"z": 1505.7241210938
			}
		],
		[
			"/gps > Важные места > Центральный рынок",
			{
				"y": 1174.8643798828,
				"x": 579.23101806641,
				"z": 1512.2391357422
			}
		],
		[
			"/gps > Важные места > Больница",
			{
				"y": -925.09832763672,
				"x": 150.7859954834,
				"z": 1504.3459472656
			}
		],
		[
			"/gps > Важные места > Полицейский участок",
			{
				"y": -413.21328735352,
				"x": 652.97509765625,
				"z": 1504.0775146484
			}
		],
		[
			"/gps > Важные места > Автосалон",
			{
				"y": -855.10107421875,
				"x": -775.59057617188,
				"z": 1508.2132568359
			}
		],
		[
			"/gps > Важные места > Радиостанция",
			{
				"y": 241.94920349121,
				"x": 773.72442626953,
				"z": 1508.4484863281
			}
		],
		[
			"/gps > По работе > [NEW] Водитель погрузчика в порту",
			{
				"y": -1229.8812255859,
				"x": -454.3828125,
				"z": 1505.0290527344
			}
		],
		[
			"/gps > По работе > [NEW] Работа спасателя",
			{
				"y": -1246.8524169922,
				"x": 861.57971191406,
				"z": 1506.7224121094
			}
		],
		[
			"/gps > По работе > Развозчик пиццы",
			{
				"y": 155.8484954834,
				"x": 670.40051269531,
				"z": 1505.2349853516
			}
		],
		[
			"/gps > По работе > Стоянка такси",
			{
				"y": -460.99960327148,
				"x": 613.01678466797,
				"z": 1506.2854003906
			}
		],
		[
			"/gps > По работе > Стоянка автобусов",
			{
				"y": -951.19360351563,
				"x": 227.55090332031,
				"z": 1504.4235839844
			}
		],
		[
			"/gps > По работе > Стоянка мусоровозов",
			{
				"y": 66.743797302246,
				"x": -963.23400878906,
				"z": 1505.38671875
			}
		],
		[
			"/gps > По работе > Стоянка механиков",
			{
				"y": 119.64499664307,
				"x": -730.39099121094,
				"z": 1504.5300292969
			}
		],
		[
			"/gps > По работе > Стоянка инкассаторов",
			{
				"y": 1277.4632568359,
				"x": -176.87759399414,
				"z": 1503.6422119141
			}
		],
		[
			"/gps > По работе > Точка инкассации",
			{
				"y": 1278.8070068359,
				"x": -198.85989379883,
				"z": 1503.6422119141
			}
		],
		[
			"/gps > По работе > Дорожная служба",
			{
				"y": -596.24682617188,
				"x": -632.77508544922,
				"z": 1505.2355957031
			}
		],
		[
			"/gps > По работе > База дальнобойщиков",
			{
				"y": -353.01550292969,
				"x": -1456.9622802734,
				"z": 1508.8276367188
			}
		],
		[
			"/gps > По работе > Склад дальнобойщиков",
			{
				"y": 1032.0628662109,
				"x": 706.46759033203,
				"z": 1506.3446044922
			}
		],
		[
			"/gps > По работе > Продуктовозы",
			{
				"y": -218.70590209961,
				"x": -775.40747070313,
				"z": 1504.9914550781
			}
		],
		[
			"/gps > По работе > Почтовая служба",
			{
				"y": 736.1796875,
				"x": -264.76989746094,
				"z": 1505.0328369141
			}
		],
		[
			"/gps > Отели > 1. Найти ближайший отель",
			{
				"y": 802.95812988281,
				"x": 551.0927734375,
				"z": 1506.89453125
			}
		],
		[
			"/gps > Отели > 2. Rock Hotel",
			{
				"y": 1209.5072021484,
				"x": -626.8427734375,
				"z": 1505.1918945313
			}
		],
		[
			"/gps > Отели > 3. Vice Point Hotel",
			{
				"y": 1194.2220458984,
				"x": 776.48822021484,
				"z": 1512.9282226563
			}
		],
		[
			"/gps > Отели > 4. Prawn Hotel",
			{
				"y": 802.95812988281,
				"x": 551.0927734375,
				"z": 1506.89453125
			}
		],
		[
			"/gps > Отели > 5. Pole Hotel",
			{
				"y": -1186.6446533203,
				"x": 178.15029907227,
				"z": 1504.6876220703
			}
		],
		[
			"/gps > Отели > 6. Hotel Harrison",
			{
				"y": -792.49487304688,
				"x": 391.33819580078,
				"z": 1504.3950195313
			}
		],
		[
			"/gps > Отели > 7. Roxor Hotel",
			{
				"y": 1220.3736572266,
				"x": -307.35269165039,
				"z": 1505.2971191406
			}
		],
		[
			"/gps > Отели > 8. Moist Palms Hotel",
			{
				"y": 598.74169921875,
				"x": -522.5322265625,
				"z": 1505.0625
			}
		],
		[
			"/gps > Отели > 9. Marina Sands Hotel",
			{
				"y": -1095.423828125,
				"x": 107.34660339355,
				"z": 1507.451171875
			}
		],
		[
			"/gps > Отели > 10. View Apartments Hotel",
			{
				"y": 580.64282226563,
				"x": 819.88848876953,
				"z": 1506.0172119141
			}
		],
		[
			"/gps > Отели > 11. Deacon Hotel",
			{
				"y": -1284.8312988281,
				"x": 469.65020751953,
				"z": 1506.0170898438
			}
		],
		[
			"/gps > Отели > 12. Little Beach Hotel",
			{
				"y": -772.75921630859,
				"x": 597.70721435547,
				"z": 1505.0346679688
			}
		],
		[
			"/gps > Отели > 13. Deacon Hotel",
			{
				"y": -429.80010986328,
				"x": 733.55187988281,
				"z": 1506.0078125
			}
		],
		[
			"/gps > Отели > 14. Vanila Hotel",
			{
				"y": -716.98712158203,
				"x": -595.25067138672,
				"z": 1506.6203613281
			}
		],
		[
			"/gps > Разное > DAZZLE Night Club & Lounge",
			{
				"y": 815.35162353516,
				"x": 535.29302978516,
				"z": 1505.0245361328
			}
		],
		[
			"/gps > Разное > Свалка",
			{
				"y": 57.365001678467,
				"x": -987.88159179688,
				"z": 1505.4200439453
			}
		],
		[
			"/gps > Разное > Информационный центр",
			{
				"y": -686.95477294922,
				"x": 407.36309814453,
				"z": 1504.4263916016
			}
		],
		[
			"/gps > Разное > Магазин 'Все для дома'",
			{
				"y": 961.51361083984,
				"x": 277.14950561523,
				"z": 1504.9166259766
			}
		],
		[
			"/gps > Разное > ЖК Royal Tower ( Семьи )",
			{
				"y": -763.08282470703,
				"x": 355.22158813477,
				"z": 1504.4263916016
			}
		],
		[
			"/gps > Разное > Станция технического обслуживания",
			{
				"y": 311.04971313477,
				"x": -574.74267578125,
				"z": 1503.76953125
			}
		],
		[
			"/gps > Разное > Страховая компания",
			{
				"y": 1317.8792724609,
				"x": -38.352699279785,
				"z": 1505.5531005859
			}
		],
		[
			"/gps > Разное > Склад фермы",
			{
				"y": -1333.9719238281,
				"x": -761.99047851563,
				"z": 1505.5109863281
			}
		],
		[
			"/gps > Разное > Склад разгрузочной станции",
			{
				"y": -1285.1901855469,
				"x": -741.69317626953,
				"z": 1505.5361328125
			}
		],
		[
			"/gps > Разное > Казино",
			{
				"y": 143.34120178223,
				"x": 763.36511230469,
				"z": 1505.1762695313
			}
		],
		[
			"/gps > Разное > Церковь",
			{
				"y": -1489.2777099609,
				"x": 176.63780212402,
				"z": 1504.4151611328
			}
		],
		[
			"/gps > Автомастерские > Автомастерская VC",
			{
				"y": 317,
				"x": -581.59698486328,
				"z": 1504.0100097656
			}
		],
		[
			"/gps > Частные банки VC >  1. Частный банк",
			{
				"y": 944.34802246094,
				"x": 642.43103027344,
				"z": 1505.4200439453
			}
		],
		[
			"/gps > Частные банки VC >  2. Частный банк",
			{
				"y": -647.17102050781,
				"x": -864.79602050781,
				"z": 1505.75
			}
		],
		[
			"/gps > Частные банки VC >  3. Частный банк",
			{
				"y": 317.86099243164,
				"x": -751.8759765625,
				"z": 1505.2199707031
			}
		],
		[
			"/gps > Частные банки VC >  4. Частный банк",
			{
				"y": 1536.0999755859,
				"x": -607.51000976563,
				"z": 1506.1899414063
			}
		],
		[
			"/gps > Частные банки VC >  5. Частный банк",
			{
				"y": -614.04699707031,
				"x": 498.50601196289,